<?xml version="1.0" encoding="utf-8"?>
<extension version="3.1" type="plugin" group="system" method="upgrade">
	<name>plg_system_hydroraindrop</name>
	<author>Dave Morton</author>
	<creationDate>August 2018</creationDate>
	<copyright>Copyright (C) 2018. All rights reserved.</copyright>
	<license>GNU General Public License version 2 or later; see LICENSE.txt</license>
	<authorEmail>davem.2011@gmail.com</authorEmail>
	<authorUrl>https://github.com/DaveM2011/joomla-hydro-raindrop</authorUrl>
	<version>1.0.0</version>
	<description>PLG_SYSTEM_HYDRORAINDROP_XML_DESCRIPTION</description>
	<files>
		<filename plugin="hydroraindrop">hydroraindrop.php</filename>
	</files>
	<languages>
		<language tag="en-GB">en-GB.plg_system_hydroraindrop.ini</language>
		<language tag="en-GB">en-GB.plg_system_hydroraindrop.sys.ini</language>
	</languages>
</extension>
